Name,Age,BrithDate,Address,NationalID,Id
Siusan Hurich,70,1939-07-01,Pinheiros,2137,1
Hilario Freake,27,1955-10-12,Hrotovice,6206,2
Con Junifer,60,1959-10-26,Sanzhang,1356,3
Dino Salerg,25,1933-06-29,Lleida,6122,4
Daveta Mein,84,1948-05-24,General Martín Miguel de Güemes,9461,5
Yorke Schurcke,47,1956-07-07,Meishan,2454,6
Sophronia Norster,96,1903-02-18,Flushing,9000,7
Blaine Shipman,93,1972-05-06,Fuvahmulah,4608,8
Dukie Boarleyson,72,1992-05-08,Ngembul,6696,9
Culley Gilluley,6,1951-09-28,Surup,7397,10
Eryn Eronie,39,2008-06-18,Liqizhuang,2488,11
Lilias Cobson,22,1963-09-26,Khvalynsk,2545,12
Levon Sennett,16,1973-09-18,Gorzyczki,7474,13
Mureil Rigler,63,1945-06-26,Le Chambon-Feugerolles,6652,14
Monroe Degoix,22,1913-02-10,Sidomulyo,2374,15
Erna Ramstead,42,1963-06-04,Brněnec,4818,16
Berky Woollard,83,1990-09-06,Guchang,3737,17
Annie Baumber,52,1986-06-25,Carolina,1092,18
Gerti Vooght,51,1919-07-15,Chandra,3361,19
Kleon Heinert,46,2016-12-13,Guataquí,5839,20
Duky Darte,54,2018-04-30,Wangcao,7403,21
Edyth Boecke,81,1981-11-30,Carenang Lor,7929,22
Mindy Burchett,85,1935-10-21,Yangdenghu,3775,23
Annalise Whawell,1,1916-04-11,Kuhmoinen,4095,24
Kori Krollmann,14,1902-11-03,Mueang Phuket,9770,25
Roscoe Binding,18,1984-03-26,Kuz’minskiye Otverzhki,4208,26
Mozelle Hallet,43,1920-03-29,Cimalati,6584,27
Illa Tibbles,79,1912-03-20,Privolzhsk,6328,28
Flss O'Gleasane,5,1961-06-19,Dongfeng,9165,29
Skyler Mobberley,67,2006-12-09,Samothráki,4710,30
Lin Cayton,77,1910-04-20,Villamaría,1529,31
Martino Korf,75,1984-07-08,Hamberang Sabrang,9707,32
Kesley Garden,91,1910-08-07,Marsa Alam,7375,33
Corby Bugg,35,2013-08-30,Markowa,3198,34
Trixie Kincla,75,1981-03-31,Oshnavīyeh,7082,35
Ransell Dinnington,64,1935-02-03,Parakou,3302,36
Swen Oldford,9,1989-10-22,Lieyu,3461,37
Jillie Smallthwaite,33,1932-10-09,Sztum,5197,38
Frederico Love,90,2020-02-28,Baras,5097,39
Sheryl Sefton,94,2020-11-24,Wao,4789,40
Ephrayim Farncombe,49,1987-06-23,Kamenka,4991,41
Betteanne Zylberdik,1,1908-09-07,Houston,8223,42
Phillida Brehault,80,1968-04-29,Strasbourg,4192,43
Kendall Waterstone,46,1927-10-27,Al Quţayfah,5881,44
Vick Royl,12,1943-06-16,Opatów,5908,45
Niels Bonnin,53,1970-12-19,Crespo,6830,46
Packston Montford,58,1933-05-03,Gaozhou,6533,47
Loy Tootell,51,1960-07-19,Uwajima,8394,48
Hermione Turfin,46,1996-04-16,Åkersberga,8970,49
Harlene Aggas,14,2018-07-12,Bitobe,4267,50
Thorpe Blakebrough,39,1910-05-17,Konispol,7621,51
Reuven Fintoph,33,1918-04-15,Casal,8994,52
Amii Shovel,61,1955-05-31,Liudaogou,9751,53
Candis Dixon,49,1981-11-27,Babakankadu,7162,54
Dominica Kauschke,52,1926-10-11,Sirnasari,7402,55
Shirline Jakobsson,94,1937-09-10,Kotor,4725,56
Elvira Mc Curlye,28,2012-04-21,Avallon,7623,57
Berny Gamlin,32,1961-10-01,San Antonio,8476,58
Lottie Engledow,69,1926-04-09,Los Pinos,7244,59
Lydon Pavese,85,1938-01-03,Pasar Kidul,2593,60
Jami Stollsteimer,81,1907-01-23,Asembagus,5138,61
Ruby Wyleman,77,1929-05-20,Banī Suwayf,8594,62
Orren Nice,91,1906-09-17,Polomolok,7514,63
Alwyn Ben-Aharon,1,1932-10-25,Zhenlong,6069,64
Mic Bloy,88,1937-12-03,Swift Current,8503,65
Dennison Hammett,78,1937-10-28,Santo Amaro,1105,66
Nady Brisson,41,1921-11-17,Rostokino,3643,67
Malva Carradice,64,1968-05-27,Bagikkedok Lauk,3660,68
Rabbi Corryer,43,1927-04-24,Jiashi,6584,69
Idaline Claussen,29,1984-07-04,Beisijia,7313,70
Barby Petruk,39,1938-04-30,Wangqingtuo,7470,71
Raviv Alder,60,1951-12-16,Saint-Herblain,6476,72
Carmen Twaite,99,1961-03-21,Klichaw,2901,73
Earlie De la Eglise,37,2002-09-01,Chunhua,6956,74
Morse Phelps,98,1921-12-01,Carvalho,1483,75
Lonni Duiguid,41,1926-12-06,Vista Hermosa,2679,76
Lani Beneteau,23,1920-06-23,Rio Negrinho,8660,77
Reg Livingstone,29,1932-09-04,Memphis,7284,78
Cesaro De Roos,53,1984-02-17,Kunwi,4268,79
Fred Jakov,50,1977-12-10,Umeå,1470,80
Lion Janikowski,34,1971-05-14,Dahe,8734,81
Brandy Bootman,84,1984-10-01,Doba,5688,82
Steward Ledrane,29,1998-03-01,Ombul Barat,9056,83
Juieta Vasiljevic,39,1973-03-04,Shāhdādkot,2257,84
Karee Meagh,31,1976-09-06,Palhais,5679,85
Emelina Luxford,36,1902-07-18,Maţarah,7329,86
Alexandra Crotch,84,1940-10-13,Hepu,6204,87
Jillayne Hakonsson,27,1910-03-10,Skutskär,5614,88
Katerine Garnham,67,1953-09-13,Baitang,7863,89
Cointon Rehor,17,1974-04-29,Huoqiu Chengguanzhen,9374,90
Alice Carmo,1,1909-12-25,Paraiso,2032,91
Jan Aimson,93,1924-07-28,Nicola Town,5885,92
Reed Springford,91,1923-01-03,Shenavan,2923,93
Emmy Zettler,54,1976-08-03,Herong,9403,94
Thekla Kalderon,47,1959-11-02,Negotino,8057,95
Emlyn Gazey,91,1942-04-13,Maikun,2087,96
Kimmy Calleja,79,1984-09-05,Bohicon,5588,97
Candis Brownlea,63,2017-05-18,Bagumbayan,6050,98
Laurie Reisk,4,1989-08-29,Krajan Dua Padomasan,8634,99
Simon Pherps,50,1985-10-09,Bizhou,5442,100
Madelena Adshede,50,1960-04-09,Tiout,2625,101
Nevile Oliveti,22,1982-11-20,Tekikbanyuurip,5882,102
Lovell Tozer,62,1956-12-26,Nurota Shahri,4910,103
Neddie Poynzer,81,1918-09-29,Daitou,3976,104
Tobin Drawmer,66,1915-06-05,Mariental,9898,105
Jessee Gwillyam,61,1985-12-04,Leština,4871,106
Ody Wildbore,79,2002-08-14,Oinófyta,6670,107
Romain Flanne,38,1923-12-15,Astromil,8885,108
Tammy Murkus,35,1946-10-13,Xiaochuan,8711,109
Corrina Wreford,20,1925-09-07,Yingchuan,3891,110
Ethelda Gunstone,12,1908-03-14,Bobrovka,5368,111
Florette Fuggles,38,1984-08-30,Spitsevka,1665,112
Dollie Herity,91,1913-08-15,Dagang,5440,113
Jazmin Demange,71,1906-05-27,Banamba,4123,114
Zita Farrent,12,1978-07-01,Göteborg,6945,115
Dorelle Lawly,56,1977-01-28,Cipanjang,8439,116
Orlan Bussy,7,1979-09-25,Marquard,6725,117
Tybie Munslow,72,1930-06-08,Petäjävesi,7414,118
Ines Fiddymont,75,2009-03-19,Porosozero,4220,119
Corissa Tieman,99,2014-09-20,Saint-Laurent-Blangy,9862,120
Lorene Mander,56,1907-05-04,Gävle,8839,121
Wilmar Prose,43,1968-07-30,Surcubamba,9609,122
Babette Wilmut,63,1938-04-11,Zadawa,4595,123
Lorelle Sebborn,63,2011-11-10,Třešť,1586,124
Caritta Wilcot,11,1970-12-25,Dazi,9266,125
Nicolina Guinane,33,1924-04-16,Eg,3613,126
Birk Carolan,74,2019-02-20,Ngawen,2019,127
Clerc Binne,79,1912-01-14,Gamagōri,8786,128
Raimondo Meneux,89,1906-07-06,Baş Göynük,6732,129
Ibrahim Leivesley,60,1954-03-06,Sharm el-Sheikh,6545,130
Saxe Cardiff,64,1976-11-12,Hehe,1556,131
Hildy Andrioletti,86,2013-10-06,Karibib,7933,132
Ame Summergill,37,1908-05-16,Yuquan,4695,133
Judye Linstead,66,1932-03-21,Östhammar,9553,134
Alexis Trenbay,53,1910-12-02,Viimsi,3661,135
Hedda Awde,85,1963-08-17,Langenburg,3818,136
Blanche Lettington,7,1911-04-17,Kirovgrad,7447,137
Ethelyn Minchenton,76,1983-10-07,Toulon,5147,138
Chris Gormley,73,2006-05-02,Tovarkovskiy,9426,139
Bondie Maryska,4,1964-01-26,Zavolzh’ye,2172,140
Faunie Colborn,70,1900-07-14,Yŏnan-ŭp,7588,141
Even Waterhowse,73,1982-06-23,Karangnongko,1011,142
Elizabeth Meere,90,1965-09-18,Bogandinskiy,1085,143
Ines Drust,12,1913-10-19,Vladislav,8434,144
Ambrosi Clayal,29,1909-04-02,Kalahang,2284,145
Madlen Josselson,11,1946-06-12,Laiponda,3663,146
Rowland Blanchard,73,1999-10-16,Dayanggezhuang,5399,147
Susann Ellis,46,1979-11-27,Luodian,8616,148
Jeni Barns,2,1928-08-31,Rybarzowice,5556,149
Bessie Williams,41,1908-10-28,Rennes,1744,150
Vachel Meese,84,1953-06-22,Raşad,1946,151
Bancroft Beagrie,6,1926-05-13,Amolatar,9354,152
Bob Crosfeld,94,1927-01-09,Vamvakoú,1168,153
Wolfie Buckell,15,2012-02-03,Ron Phibun,2469,154
Levey Reinhardt,55,1963-12-19,Hexi,3901,155
Anabel Goodanew,80,1973-03-23,Nankou,5873,156
Geralda Cross,5,1922-07-27,San Luis,2993,157
Micki Leadley,50,2004-08-09,Kokubunji,5261,158
Cass Brickdale,97,2017-02-20,Čair,6466,159
Vassili Feighney,63,1967-12-19,Lanxi,3225,160
Gene Antill,35,1910-04-25,Makarska,5824,161
Aleda Bantham,46,1931-02-07,Subaykhān,8922,162
Orelle Bussy,85,2012-07-29,Tawau,9670,163
Payton Robottom,56,2017-06-07,Cerca la Source,3599,164
Caria Grabert,34,1906-08-20,Fengle,3696,165
Lelah Paireman,97,1956-10-11,Kandun,8536,166
Jammal Dickerson,34,1935-01-31,Bojonegoro,9873,167
Eliot Annice,16,1905-11-04,Nazaré,1973,168
Rasia Rubertis,92,1923-04-08,Courelas Bravas,1680,169
Claudianus Ulyat,54,1997-07-17,Il’ka,6594,170
Raffarty Tuxsell,66,2012-03-26,Lewin Kłodzki,3027,171
Phillipe Ragot,19,2003-06-01,Ruangwa,8564,172
Terrijo Bantham,22,1995-02-21,Huangjinjing,6013,173
Garth Furlow,58,1911-07-19,Tongli,1017,174
Jenni Josskowitz,97,1973-09-29,Yaohua,9645,175
Morgen Thairs,9,1920-11-07,Cigadog,5913,176
Errick Minshaw,27,1934-04-07,Yangjiaqiao,5980,177
Donall Skipp,7,1900-06-08,Detroit,1271,178
Creigh Pirt,65,1912-10-08,Annaka,1938,179
Lemmie Olligan,41,1910-07-08,Xindong,6785,180
Udall Fould,45,1940-04-02,Niedźwiedź,8814,181
Nicola Winch,6,2000-03-24,Cherepovets,2169,182
Marieann Scardifeild,16,1915-03-01,Prochowice,9873,183
Phillip Bourdice,68,1983-08-13,Naga,8658,184
Lind Prestage,26,2009-02-12,Zaqatala,5075,185
Gaylor Gumery,16,1981-11-08,Narong,4678,186
Amelita Doust,68,1975-10-08,Fairview,7834,187
Riane Foddy,95,1907-01-22,Danja,9631,188
Christiane Westhead,21,1943-06-01,Brochów,2446,189
May Magrannell,54,1949-10-01,Shediac,7664,190
Eduino Berrigan,47,1905-05-27,Queimados,8153,191
Trevor Prinne,65,1927-02-28,Norrköping,7348,192
Drew Cheers,46,1926-07-26,Kunduz,5632,193
Aguie Robertazzi,47,1908-07-25,Bollène,9708,194
Angela Sweetmore,5,2008-01-31,Hantang,2903,195
Mei Jancik,9,1949-04-25,Yege,2970,196
Frazer Stripp,79,1962-02-24,Luanda,6510,197
Cody Jacquemot,53,2007-12-04,Sacramento,5086,198
Tabby Angelini,49,1961-02-27,Cimo de Vila,7583,199
Gannon Gerok,11,1937-08-22,Grenoble,2006,200
Terrell Kiddell,89,1992-10-27,Vom,8627,201
Fifine Kenen,16,2006-01-22,Longhe,2694,202
Andrus Priddis,85,1965-10-06,Tual,1663,203
Anetta Antcliff,1,2007-06-11,Amberd,4959,204
Aldo Bagworth,74,2005-06-06,Laban,6989,205
Tessi Redrup,54,1947-03-04,Fuming,8886,206
Franzen Heartfield,41,1989-09-09,Iguatu,1205,207
Herby McCaskill,84,1946-08-05,Al Ḩudaydah,8662,208
Packston Hayland,22,1976-09-19,Krasnyy Lyman,2386,209
Emelina Cronshaw,56,1902-11-17,Bungsuan,1272,210
Jackqueline Poter,26,1920-10-21,Berlin,7798,211
Archibaldo Sacker,30,1954-07-03,Matiao,1845,212
Leigh Terrans,35,1978-05-13,Nový Knín,6570,213
Liana Le Grice,36,1941-02-03,Widuchowa,1095,214
Tove Arminger,96,1908-07-17,Miami,7918,215
Alanson McTeer,55,1941-11-04,Sorinomo,5808,216
Ransom Vaney,26,1906-09-11,Kota Kinabalu,5324,217
Laural Iacomelli,79,1925-05-29,Zarya,9000,218
Desiri Siehard,21,1936-11-30,Kanoni,4643,219
Emmanuel Mountney,2,1946-08-17,Monastyrishche,8947,220
Tory Scotchmor,14,1925-12-17,Pangantocan,2421,221
Ulrick Simson,73,2021-05-04,Prang Ku,4494,222
Lorens Siemon,39,1924-11-22,Tikhvin,9867,223
Edithe Donald,31,2020-09-01,Tomay Kichwa,1010,224
Trueman Dumpleton,94,1973-07-28,Ludwin,9283,225
Timofei Sexon,59,1986-01-21,Kedungharjo,9877,226
Cecilia Bembrick,12,1993-05-10,Amassoma,1751,227
Ivette Farnsworth,87,1987-11-29,Gent,2985,228
Aurlie Ronaldson,4,1959-09-19,Barcin,2738,229
Karl Walkington,63,1918-08-21,Dargaz,5798,230
Glen Poad,77,2017-06-01,Aleg,7114,231
Audie Ginglell,94,1967-12-27,Paris 16,4688,232
Mordecai Stathers,4,1942-11-08,Iwonicz-Zdrój,2472,233
Kingston Kinkaid,80,1958-04-15,Kunčina,8148,234
Alfie Bunhill,49,1999-05-24,San Isidro,4519,235
Dyan Vanni,4,2016-01-25,San Jerónimo,2810,236
Jaquenette Gribben,88,1936-05-22,Mehendiganj,2235,237
Rici Gubbin,85,1980-02-09,Mapiripán,1547,238
Susanne Sworn,7,1990-10-22,Qingyun,3457,239
Faythe Christoffels,65,2003-10-01,Sanming,2990,240
Merla Bleue,72,1973-12-14,Shuitianzhuang,3504,241
Dara Keeton,90,1968-09-23,Pantang,7193,242
Queenie Jablonski,94,1939-06-04,Ovalle,7215,243
Osborn McOrkill,71,2014-02-27,Parelhas,6220,244
Dexter Tafani,62,1976-06-12,San Rafael Arriba,9458,245
Murdock Heindrick,68,1911-11-08,Ivano-Frankove,1177,246
Rosanna Reignolds,12,1975-06-22,Liusi,9352,247
Royce Gallant,81,1986-12-02,Santo António,9908,248
Sammy Edginton,71,1998-05-30,Virginia,4591,249
Bradney Collinson,92,2008-11-30,Masallātah,3243,250
Skylar Gallagher,47,1925-05-26,Luoluopu,8105,251
Wolfy Hawthorn,96,1907-08-01,Byala,4507,252
Alma Northeast,22,1956-07-29,Öndörhoshuu,2163,253
Margalo Edser,11,1940-02-10,München,9205,254
Gunilla Bille,73,1928-11-18,Dobrzyca,3136,255
Codi Fearneley,82,1994-01-05,Gangnan,4455,256
Suki Doret,43,2013-12-17,Tsévié,2766,257
Jamey Sabben,69,2002-08-24,Khadzhalmakhi,7725,258
Cammi Beevors,46,2013-12-08,Koramlik,1686,259
Selle Coils,13,1955-04-02,Yiqian,6451,260
Kaine Barizeret,27,1904-04-08,Heiheba,5463,261
Lindon Seeks,18,1934-04-12,Kelin,9964,262
Sondra Manicom,61,1961-05-08,Habiganj,6624,263
Gaspar Bes,90,1949-06-29,Candelaria,8559,264
Deeann Gorman,76,1949-12-16,Rzhavki,7884,265
Adi Bibey,22,1977-09-14,Jarigue,8232,266
Marci Hartford,33,1961-02-23,Garupá,3437,267
Gilemette Risbie,69,1903-08-20,Brzyska,8474,268
Mordy Elvin,71,2019-08-19,Paraisópolis,2202,269
Nicolas Cawdron,71,1929-04-25,Cikaludan,2454,270
Gisele Arzu,74,1982-10-07,Palumbungan,3895,271
Sollie Daouse,34,1948-11-11,Kuta,2160,272
Jenifer Sallenger,29,1931-05-06,Gharyan,9434,273
Hart Patillo,58,1946-02-15,Dubréka,7745,274
Stanley Stubbington,6,1998-06-03,Gaopeng,1668,275
Burk Seyffert,82,1995-01-14,Paty do Alferes,9833,276
Deirdre Greatbanks,42,1903-07-04,Shifan,8234,277
Antoine Mee,43,1964-10-03,Drogomyśl,7968,278
Aldridge Paradyce,56,1913-11-09,Kiihtelysvaara,3398,279
Cristobal Rubinek,10,1990-07-28,Soko,6828,280
Chev Crassweller,44,1947-11-04,Limanancong,3579,281
Darren Deeprose,22,1913-05-04,Ikoma,9340,282
Rani Stickins,9,2017-01-09,Paninggaran,4299,283
Norah Doyley,76,1961-06-26,New Shagunnu,5224,284
Celinda Hegdonne,40,2018-03-15,Yuyangguan,9446,285
Gretel Tellesson,31,1920-07-24,Fuwah,4159,286
Barde Cage,91,1986-05-17,Omboué,1743,287
Bondy Kidgell,88,2007-02-28,Jiabei,5649,288
Darleen Yendle,85,1964-04-25,Tassin-la-Demi-Lune,6049,289
Estel Claybourne,38,1975-10-04,Pliwetan,3193,290
Issie Gregoriou,45,1967-08-10,Novoul’yanovsk,9452,291
Donni Scriver,32,1910-04-25,Chatturat,6015,292
Sherman Tampion,2,1982-08-21,Bokor,3025,293
Lilah Pyrah,64,2010-11-17,Sankt Lorenzen im Mürztal,4732,294
Wilt Ioannou,78,2001-08-25,Tangwei,9549,295
Fleming Sutworth,85,1935-08-03,Hubynykha,1893,296
Edy Rappport,25,2005-11-15,Mobile,3320,297
Seka Paine,34,1990-04-10,Numeto,7668,298
Derick Hughesdon,35,1995-07-11,Amparita,2911,299
Sarette MacKessock,8,1964-08-03,Zhenchuan,3669,300
Dionis Cowup,36,1909-09-24,Wuyanquan,2896,301
Bale Durnell,50,1905-11-01,Ban Lŭng,3653,302
Delila Tregona,94,1997-07-09,Caculé,8564,303
Mariana Hindes,54,1927-09-24,Västerås,4980,304
Yolane Janssen,66,1970-11-21,Zhulebino,1510,305
Ginelle Fenners,7,1979-08-06,Lazaro Cardenas,2469,306
Nicola Grolle,34,1921-03-22,Bairros,5808,307
Royce Murkitt,92,1903-06-10,Aracaju,5635,308
Carlynn Stainland,72,1973-04-11,Zürich,7389,309
Ilene Huffy,68,1949-12-04,Karangpawitan,3438,310
Sibley Coulman,6,1954-01-04,Yantianhe,8666,311
Electra Dolley,47,1901-09-16,Ágios Andréas,2092,312
Elroy Hovy,74,1990-08-08,Pa Kham,6580,313
Kristos Wallbank,55,1934-02-18,Vorontsovka,7673,314
Dacy Guinery,95,1975-10-23,Zlatni Pyasatsi,3473,315
Egan Dechelle,61,2000-04-24,Qiewa,9269,316
Casi Jerok,59,1923-07-19,Kájov,7514,317
Abbe Aronsohn,18,2009-12-27,Bondoufle,3977,318
Wilmer Lorens,27,1949-02-04,Riit,9855,319
Jeri Etoile,65,1936-07-03,Yongning,4897,320
Drusy Brounsell,60,1970-03-29,Hearst,2767,321
Adrianna Ong,48,1988-08-29,Hamburg Bramfeld,5202,322
Koressa Jendricke,22,1953-05-02,Bojongsari,2940,323
Amelia Nazaret,21,1905-12-07,Água Retorta,6196,324
Adriano Fawks,86,1910-12-27,Pojok,9928,325
Charmaine Goaley,10,1963-08-26,Fifi,5983,326
Timothee Lillee,61,2019-06-14,Bishan,1900,327
Donny McVee,60,1955-12-11,San Francisco,2298,328
Emily Ousley,63,1999-09-01,Kavýli,1731,329
Welsh Humphrys,80,1989-10-15,Mališevo,5617,330
Sunshine Jocic,76,1927-09-09,Las Matas de Farfán,6708,331
Dwight Duggon,26,1988-10-06,Sandaogou,4503,332
Shae Rey,51,1928-10-19,Niños Heroes,5678,333
Christy Desbrow,37,1915-02-01,Brignoles,3587,334
Christophorus Alcott,69,2005-04-25,Kadurahayu,8312,335
Paxon Robeiro,18,2011-07-03,Jugezhuang,9779,336
Dasi Pecht,75,1999-07-27,Charleroi,1152,337
Costanza Norquay,41,1939-08-19,Marumori,1174,338
Sigrid Fabri,64,2004-09-03,Lianfa,8007,339
Aliza Andrivel,61,1914-01-06,Ciudian,5820,340
Kali Ranner,18,1913-01-26,Shuangxing,5697,341
Alida McCarroll,28,1920-11-05,Masku,3945,342
Mahalia Ottewell,94,1919-12-05,Tögrög,2658,343
Giff Tomicki,41,1978-11-22,Gubu,4204,344
Clarita Stallen,90,1928-06-09,Thị Trấn Yên Châu,8769,345
Gordy Fee,23,2012-05-30,Chiquimulilla,1405,346
Joete Wisham,23,1906-05-16,Pantaibesar,5111,347
Cyndie Charnick,52,1907-01-02,Sędziejowice,1173,348
Iggy Sterndale,28,1972-11-24,Lajeosa,9545,349
Gerladina Buye,72,2018-01-04,Dhromolaxia,3223,350
Rance Jebb,75,1954-09-26,Niort,4762,351
Kimberlyn Marre,94,1907-06-09,San Nicolas,2702,352
Shanda Longhurst,2,1932-06-14,Garang,7241,353
Annabela Rothon,52,1958-01-28,P’asanauri,2067,354
Stevana Chastan,66,1988-04-13,Isulan,7977,355
Cherish Diggins,59,1934-11-29,Al Matūn,8415,356
Jeannine Anstead,31,1999-11-27,Bukavu,4622,357
Haskel Calverley,76,1919-07-20,Tyazhinskiy,2151,358
Aurlie Corley,10,1991-12-24,João Câmara,7358,359
Farley Whitter,69,1939-05-20,Camias,7088,360
Pansie Oriel,38,1922-12-15,Aracaju,8922,361
Emilee Cornuau,27,1994-06-30,Shingū,9678,362
Robbie Ellin,54,2010-05-31,Wangbuzhuang,3626,363
Shaun Courtin,35,2014-06-19,Lesichevo,1785,364
Laurence Oleszcuk,7,1912-02-13,Klatakan,3173,365
Xylina Stayte,37,1931-08-22,Daxbet,6386,366
Lorette Gasticke,58,1995-05-21,San Juan Atitán,4259,367
Hildagard Clue,90,1911-05-05,Datarsitu,6574,368
Meta Darnborough,90,1978-10-03,Argotirto Krajan,6324,369
Tessi Armstrong,17,1905-10-21,Satita,8502,370
Reginald Francais,17,1992-04-13,Soreang,8704,371
Kennith Mabbot,24,1915-03-14,Queniquea,3874,372
Tannie Dundridge,94,2020-01-12,Huansheng,9938,373
Rodi Percival,28,1988-12-05,Phu Kradueng,9885,374
Brunhilde Trevett,96,1986-04-27,Merefa,5688,375
Ambrosio Balkwill,79,1948-12-23,Kemendung,3392,376
Gertrudis Misken,3,1918-01-13,La Paz,1509,377
Eduardo De Zuani,43,1960-03-13,Čelopek,5432,378
Katrinka Gercke,25,1964-06-22,Linköping,5386,379
Web Enoksson,5,1998-01-05,Colonia Aurora,8134,380
Ichabod Dungate,83,1985-10-13,Souflí,3292,381
Orren Gludor,51,1914-02-16,Ishiki,3776,382
Ammamaria Heggman,62,1986-05-12,Chenqing,5802,383
Mufi Durker,48,1968-08-28,Melfort,7675,384
Pauline Mangham,67,1963-07-09,Villa Cañás,1499,385
Giuseppe Faldo,57,2008-08-23,Tampere,3936,386
Ross Larcombe,69,2020-11-18,Jetak,8322,387
Bentlee Lydiate,92,1915-06-30,Pabean,2147,388
Garrik Langton,39,1970-12-19,Haenam,6803,389
Caron Fowlds,1,1990-05-22,San Agustín,4969,390
Petronia Rois,67,1970-05-05,Nowa Sól,8367,391
Randie Conradsen,34,2003-08-23,Kurlovo,9893,392
Derril Lamball,41,1937-07-20,San Vicente,1161,393
Veriee Osborne,99,1930-05-24,Bol’shoye Selo,1860,394
Boycie MacIlwrick,65,1958-09-07,Torrijos,4592,395
Stillman Morison,94,1967-11-28,Dunmanway,9031,396
Den Woller,80,1917-01-21,Shuangxikou,3813,397
Biron Troy,6,1984-07-06,Kasungu,8902,398
Judye Northen,68,1920-03-08,Princeville,1207,399
Jen Ruck,85,1906-05-31,Changpo,2084,400
Carly Gapper,95,1987-12-07,Salaya,5633,401
Roderick McDonald,84,1941-11-14,Kuala Lumpur,2111,402
Thoma Dinsmore,40,1963-08-29,Claveria,5841,403
Henderson Marron,79,1927-05-23,Akron,7978,404
Jyoti Ziehm,39,1994-04-11,Taiping,4528,405
Hodge Hembrow,48,1929-07-28,Greensboro,1858,406
Hugo Bunten,72,1902-04-02,Kaytitinga,3293,407
Inga Auston,11,2001-09-09,Terrugem,9993,408
Phyllida Severs,90,2005-03-09,Vistino,4136,409
Lark Derry,1,1932-03-06,Ostrów Lubelski,5430,410
Donny Muzzollo,82,1946-12-12,Rangmanten,9125,411
Edie Behrend,66,1961-01-19,Petaling Jaya,1280,412
Saunderson Bridell,83,1970-04-06,Sant Julià de Lòria,8401,413
Olivero Nast,91,1918-04-20,Sastöbe,1536,414
Vince Beadles,41,1937-01-20,Tobias Fornier,8027,415
Robbi Skate,29,1934-01-09,Wangi,3779,416
Ruthy Barrasse,9,1956-12-08,Touying,9779,417
Constantina Kiffin,25,1960-05-24,Ţammūn,1478,418
Ulric Dorie,14,2015-06-12,Ballyjamesduff,8399,419
Astra Pleasants,1,2008-01-08,Idrija,7060,420
Wynn Forson,58,1916-09-13,Pointe-à-Pitre,5614,421
Cindelyn Zanolli,87,1955-03-10,Makariv,2694,422
Paolo Plain,87,1977-11-05,Mīrpur Māthelo,2977,423
Rudy Cosbey,47,1924-04-01,Zhongshan,7225,424
Celisse Abrahart,58,2013-02-11,Suqu,4460,425
Delcina Prestedge,59,1964-11-08,Haiyang,7633,426
Hurleigh Skelcher,41,2020-03-14,Frederiksberg,5544,427
Nikaniki Neeves,9,1991-05-02,Ḩarastā,3745,428
Cariotta Edelston,96,1969-11-06,La Huerta,7666,429
Alexander Bolzmann,97,1910-02-19,Jiazhuang,8107,430
Nicky Dries,13,1925-07-14,Tegalheras,4797,431
Nananne Mallinder,25,1947-06-24,Podstepki,9866,432
Zola Grand,45,1965-05-26,Shuangqiao,4302,433
Francesca Gwyneth,2,2005-12-07,Gaopai,3224,434
Wilek Kinde,58,2009-07-12,Sloboda,5208,435
Bryan Donnelly,47,1907-08-01,Siikajoki,8098,436
Huntington Britney,87,1967-11-11,Kuala Lumpur,6213,437
Gav McBayne,67,2017-10-31,Warmare,2309,438
Shaine Sleigh,9,2009-06-22,Mingyue,8727,439
Freddie Howkins,58,1958-09-06,Le Havre,8557,440
Wit Manton,44,1971-03-13,Karangtalun,7788,441
Marcus Shanley,87,2006-03-23,Nidri,2636,442
Marita Whitwam,24,1980-03-14,Erada,9043,443
Udell Attle,32,1991-01-07,Yunguyo,1977,444
Gardener Marcombe,32,1912-06-15,Gramoteino,4732,445
Filia Srutton,55,1958-08-27,Maru,4650,446
Bail Nowaczyk,18,1986-07-24,Lisui,3387,447
Ertha Danev,18,1986-06-03,Nggambel,6396,448
Megen Hardman,81,1907-07-18,Massy,1623,449
Sybyl Sillito,33,1905-03-29,Huité,6912,450
Mercedes Kingett,95,1963-03-22,Nagrak,2198,451
Sonya Mapholm,52,1924-04-20,Bestovje,3495,452
Ward Children,84,1983-10-01,Světlá nad Sázavou,2231,453
Melisse Churches,14,1947-01-08,Kočevje,8739,454
Hilliary Goodbar,75,1925-10-06,Kuttu,6127,455
Marlo Halsted,40,1917-01-09,Bilicenii Vechi,5967,456
Cary Demeter,99,2003-02-26,Bomomani,6982,457
Arlene Diffley,89,2001-10-15,Khagrachhari,5149,458
Rog Manus,75,1919-02-28,Kasoa,5084,459
Micheil Hunnicot,91,1978-11-18,Lefkoniko,8789,460
Elisabeth Kirkham,44,2004-11-30,Qigzhi,1197,461
Erica Cregeen,28,1912-11-10,Couço,2301,462
Shepherd Foxen,31,1959-04-28,Ishikawa,4667,463
Haywood Kondratenko,50,1908-06-15,Heping,1919,464
Ainslie Alliban,34,1997-09-22,Banjar Tegal Belodan,2016,465
Jarrett Farney,72,2009-06-25,Villa Dolores,5098,466
Shannan Tuckwood,60,1950-04-03,Hanjia,4492,467
Luciana Dougharty,97,1986-06-17,Vinhedo,4317,468
Anjela Harriday,77,1966-01-31,Tam Kỳ,2760,469
Saloma Yepiskov,41,2004-06-16,Mosar,9328,470
Humfrey Gribbell,43,2004-11-30,Étampes,5938,471
Cari Askam,55,1947-12-07,Leticia,9993,472
Abdul Tomkin,55,1922-12-18,Pinglumiao,7384,473
Wainwright Greensides,46,1966-05-17,Gonça,8820,474
Orrin Newark,43,1953-03-11,Kokas,7142,475
Ofella Tuxell,74,1913-01-09,Challas,4239,476
Dorree D'Elia,74,1996-12-11,Yingtou,4260,477
Pren Gyles,24,1993-12-28,Ngelak,3879,478
Rosemonde Di Ruggiero,19,1977-04-04,Baćkowice,7616,479
Nikolas Grabb,18,1903-08-06,Pryvol’ny,5415,480
Karlan Trawin,55,1985-03-21,Horní Bříza,9535,481
Dane Sappson,38,1964-03-04,Cullhuas,8661,482
Minna Scholz,17,1952-07-02,Talalayivka,2967,483
Joycelin Izakof,4,1912-02-23,Bagratashen,1224,484
Cyril Garside,53,1948-12-04,Saki,7758,485
Amie Rampley,43,1926-05-06,Le Havre,5425,486
Helsa Oxenden,8,2000-11-24,Talata Mafara,9942,487
Fletcher Hendrik,99,1995-06-21,Zykovo,9487,488
Elise Mansour,98,1979-04-27,Drammen,1614,489
Jabez Dearan,40,2005-12-16,Nueva Guinea,7900,490
Maxie Tomisch,56,1943-03-11,Sŭedinenie,9014,491
Stephan Aitchison,37,1969-10-30,Créteil,4475,492
Humfrid Belding,31,1999-08-12,Temirtau,4257,493
Rosabel Densun,38,2010-10-07,Huangbei,7190,494
Jocko Schurcke,55,1983-10-23,Kadubadak,4563,495
Virge Rounsivall,18,1992-05-27,Byala Slatina,3563,496
Nomi Duckfield,16,1939-09-30,Neya,2368,497
Evan Allain,42,1936-02-12,Fengxizhai,1727,498
Baron MacMeeking,34,2019-11-15,Chunhu,1781,499
Phoebe Looney,38,1940-01-17,Almaguer,2388,500
Jamaal Mochar,58,1936-09-24,Oštarije,5377,501
Jdavie Lettson,12,2017-04-11,Korenëvo,5064,502
Bank Hadfield,7,2000-03-16,Guali,1483,503
Ansell Nordass,1,1990-04-09,Razvanje,8928,504
Vito Hitzke,30,1907-01-22,Bolyarovo,6888,505
Gris Comrie,20,1919-08-23,Drnje,6803,506
Forest Domaschke,17,1959-02-28,Bicurga,9091,507
Raviv Dorran,61,1934-07-18,Várzea de Sintra,1352,508
Evelin Falkingham,17,2001-01-18,Waajid,6888,509
Pail Ducastel,46,2000-01-25,Bonao,5955,510
Drusy Bubear,54,2001-12-23,Doushan,4279,511
Ingrid Jemison,81,1915-10-17,Gia Nghĩa,9007,512
Lorin Bardsley,24,2018-03-28,Vlycháda,3640,513
Ivory Troke,77,1941-02-04,Ostankinskiy,5836,514
Tull Meeson,61,1913-02-25,São João de Caparica,7347,515
Happy Watkiss,63,1922-01-21,Santa Fé do Sul,1103,516
Hy Merlin,64,1968-06-14,Rejasa Kaja,7098,517
Kane Gilbride,4,1961-09-07,Donduşeni,7936,518
Dorene Baxill,16,1965-01-11,Birobidzhan,4191,519
Rozanne Stranio,58,1935-05-15,Espargos,1886,520
Glad Schimonek,5,2015-11-04,Lamarosa,8102,521
Eleonora Baggs,2,1946-09-15,Estelí,7942,522
Denny Pearmain,69,1949-08-17,New Orleans,7587,523
Yoshi Aslam,51,1914-08-28,Nariño,7743,524
Grantham Garfirth,82,1955-02-04,Yuanjue,5536,525
Haley Urian,31,2020-07-23,Baisha,2744,526
Vinnie Longhorne,47,2003-09-09,Weligama,7262,527
Carita Scully,95,1949-11-26,Hostivice,1394,528
Brandon Stapells,7,1915-10-15,Stuttgart Stuttgart-Mitte,9322,529
Luigi Archambault,8,2000-12-12,Burgos,7794,530
Bernadette Stenett,90,1932-09-28,Zhoujia,7278,531
Ambrosius Couper,42,1914-04-06,Tamarindo,9999,532
Kris Simacek,8,2002-10-19,Puyang,1804,533
Hagen Davitt,52,2006-09-30,Pateh Sam,3679,534
Arnuad Fronek,60,1972-12-20,Talitsy,4040,535
Benedikt Cammoile,86,1929-04-01,Bajera,1656,536
Amory Newlyn,53,2009-01-15,Palmas,5628,537
Lauralee Brilon,21,1923-04-18,Aktau,1582,538
Carolin Sainthill,94,1997-10-26,Jimaguayú,6787,539
Joelle Maceur,75,1962-01-18,Terangun,5864,540
Gusty Pitkins,94,1905-10-26,Vale Mourão,3143,541
Philly Kennicott,12,1988-11-13,Padangtiji,8850,542
Maggee Bramhill,33,1945-02-28,Shimodate,3964,543
Addy Pettingall,76,2020-07-26,Heby,4163,544
Abbey Bassom,70,1938-02-26,Kangani,8547,545
Kermy Christofe,9,1949-12-23,Laxiong,4907,546
Wallis Christou,24,1942-03-25,Tubod,6020,547
Germaine Royall,18,1908-06-07,Zavrč,7223,548
Mareah Cartin,37,1928-09-13,Prakhon Chai,4260,549
Llewellyn O' Dooley,69,1956-09-07,Uspenka,9745,550
Cully Waite,56,1940-12-10,Baranovichi,9787,551
Gasparo Hegarty,22,2012-12-12,Savski Venac,4605,552
Wilton Franzel,17,1990-08-21,Saint-Germain-en-Laye,5690,553
Kirby Elvins,40,1937-07-29,Edéa,8336,554
Gwenette Kaasman,82,1930-12-24,Sukamaju,3664,555
Rem Christofides,32,1989-09-10,Sheksna,4734,556
Olvan Wakes,44,1929-01-02,Kórnik,9095,557
Geoff Cabbell,48,1967-08-01,Balīlā,8890,558
Alameda Hanigan,4,1916-10-06,Tuba,8621,559
Doria Lessmare,56,1913-12-08,Świecie nad Osą,1604,560
Quint Tredinnick,33,1900-09-23,Teryayevo,6567,561
Danella Bratcher,89,2009-06-15,Lille,6204,562
Boothe Scrancher,44,2013-11-16,Alfenas,2182,563
Crysta Camus,84,1982-04-24,Wurigelebur,9539,564
Carroll Geekin,43,1914-09-06,Sirnarasa,2885,565
Arvie Chalcot,37,1919-10-19,Tibati,3457,566
Mahalia Rowles,70,2008-10-04,Kungsbacka,3263,567
Aubrey Perrie,81,1978-11-13,Huangtian,1745,568
Lamond Roistone,90,2007-11-08,Batan,9716,569
Muffin Galey,1,1950-09-22,Araguari,3576,570
Grete Westmancoat,51,1991-10-05,Lunen,8877,571
Tomasine Lattie,84,1956-11-17,Sete Lagoas,5050,572
Cary Carn,13,1980-08-06,Novosibirsk,4195,573
Mariam Pickford,65,2019-08-10,Tunal,7216,574
Daren Worral,8,1976-11-11,Jeong,5732,575
Riobard Casaro,44,1928-11-17,Brudzeń Duży,8023,576
Sanderson Dufore,10,1986-03-20,Hamanoichi,1036,577
Teodorico Bilovus,52,1970-08-04,Conima,3933,578
Chaddy Lowsely,27,1929-03-23,Novyy Svit,7535,579
Roch Hayle,79,1942-11-24,Erie,7610,580
Sloan McGauhy,17,1964-10-17,San Juan de la Maguana,3423,581
Madonna Gerin,92,1987-04-24,Majayjay,3626,582
Kalie Impey,53,1907-04-29,Cernache do Bonjardim,6037,583
Lotti Fulop,7,1918-06-02,Guiwu,2816,584
Charlotta Treversh,34,1987-03-27,Velykoploske,4991,585
Nike Everitt,8,1995-02-10,Klatakan,7667,586
Emelina Hayhow,16,1980-06-27,Dīvāndarreh,7322,587
Prue Sinfield,51,1929-06-06,Nova Olímpia,9286,588
Carlotta Kindread,54,1922-03-22,Sacramento,9266,589
Yule Paolinelli,9,1931-11-08,Zhosaly,4403,590
Cymbre Piotr,52,1987-05-06,Meilin,4491,591
Giselle Gainfort,1,1920-02-17,Město Libavá,2334,592
Kassandra Resun,72,1967-04-07,Urazovo,7395,593
Cammie Eslinger,22,1960-07-01,Oštarije,9326,594
Felipe Limmer,56,1977-06-05,Moissy-Cramayel,5736,595
Charley Breem,63,1926-04-19,Olszówka,8433,596
Dean Widdicombe,8,2007-07-12,Rumenka,1741,597
Lawton Corston,11,2010-08-06,Khorostkiv,7614,598
Reiko Camis,89,2007-12-25,Tsurib,4773,599
Berkley Chicken,94,2020-09-14,Kunheda Woerzu Manzu,1249,600
Faina Truscott,14,1906-09-11,Ḩukūmat-e Shīnkaī,8751,601
Marna Avramovsky,68,1930-05-04,La Courneuve,3259,602
Pavel Quilleash,70,1945-09-23,San Diego,1336,603
Trueman Drew,51,1996-10-15,Bateria,5737,604
Whittaker Brunelleschi,53,2002-04-14,Orlando,8373,605
Jedidiah Swalough,90,1955-02-05,Basel,3726,606
Alica O'Regan,4,1976-01-19,Rrapë,9315,607
Idaline Luesley,80,1991-07-05,Kariaí,4868,608
Onida Dyas,81,1922-11-27,Cabouco,4362,609
Mervin Simko,55,1964-03-01,Hongdun,7545,610
Bevin Hebbron,54,1924-12-12,Marićka,1213,611
Keely Strippling,74,1975-04-14,Baihe,2413,612
Lauretta Romke,48,1944-04-28,Novouzensk,4701,613
Caralie Robertacci,72,1915-10-27,Strellc i Epërm,6457,614
Wilma Jagoe,1,2017-09-02,Aanislag,4249,615
Baldwin Erb,40,1957-10-06,Maonon,2851,616
Mae Firidolfi,63,1949-08-07,Chenjiatan,9433,617
Clayton Jagels,37,1913-08-23,Ayní,4426,618
Dorry Dancey,39,2021-01-12,Langford,4232,619
Chrotoem Tretwell,84,1924-12-23,Kulykiv,6444,620
Sherill Fazzioli,11,1936-12-21,Sangali,7332,621
Millard Hawick,95,1982-08-14,Zhongshan Donglu,3648,622
Tamera Bewfield,40,2001-06-01,Sacanche,5822,623
Hunter Prawle,66,1992-05-10,Tūkrah,7834,624
Morena Huzzay,81,2010-11-25,Washington,6841,625
Kile Penner,59,1955-02-22,Khān Arnabah,7398,626
Christiana Nanson,31,1902-08-15,Kista,2386,627
Toiboid Timbridge,82,1988-08-18,Chencun,5226,628
Brodie Braddon,95,1995-07-14,Jiangqiao,5347,629
Chaddie Mathely,68,1988-02-20,Jietou,7390,630
Consolata Swadden,93,1970-07-21,Mengyin,3834,631
Donalt Katte,4,2004-01-14,Lourdes,2282,632
Carr Bellson,70,1923-12-10,Aegela,8829,633
Aeriell MacDearmont,54,1974-04-21,Bayuwan,3806,634
Trina Handscombe,43,1927-09-17,Fort Smith,5187,635
Cynde Moxstead,73,1985-03-24,Hongwansi,4407,636
Johna Phlipon,9,2017-06-28,Qaşr al Farāfirah,2252,637
Raf Aronoff,55,2017-09-11,Wurigelebur,5779,638
Alister Coventry,45,1947-10-07,Moravská Nová Ves,2114,639
Amalia Rushe,88,1946-03-30,Ipatinga,4984,640
Ham Lermouth,26,2009-07-08,Severka,1804,641
Alexio Messruther,44,2015-09-20,Huixian Chengguanzhen,3466,642
Papagena Tytcomb,52,1976-06-01,Dagang,1842,643
Anselma Chestle,70,1908-05-06,Batusangkar,2953,644
Olwen Casillis,50,1900-03-30,Valladolid,1036,645
Sloane Balogun,45,1970-09-27,Corumbá,8874,646
Tucker Toffetto,72,1956-12-13,Warsaw,3200,647
Emmey Este,11,1967-06-17,Kostyantynivka,3591,648
Bruce Trembath,41,1921-09-01,Chaiyo,3000,649
Eudora Hateley,89,1964-08-19,Tuguanpu,2402,650
Bettine East,1,1967-08-25,Campo Viera,2590,651
Tawnya Dominiak,10,1938-12-21,Noginsk-9,3084,652
Ramsey Jarritt,27,2019-02-07,Ibarreta,8102,653
Jacky Kennham,38,1931-11-09,Cha’anpu,3460,654
Teresita Reddihough,60,1991-04-14,Angeghakot’,4263,655
Darelle Sirman,52,1979-07-27,Sala,6620,656
Rora O' Molan,19,1968-10-18,Monte Caseros,5669,657
Stormie McMurthy,25,1971-04-30,Ingå,2781,658
Karrah Krolman,31,1991-07-31,Brak,4872,659
Lavinie Scotter,67,1913-10-14,Arísvi,9373,660
Myrle Bartelet,35,1942-11-08,Castanheira,9576,661
Marcello Gartsyde,46,1998-01-04,Noyakert,6824,662
Arlie Maber,98,1958-06-27,Izra‘,8008,663
Randy Sustins,46,1982-08-24,Dvinskoy,4686,664
Kalie Greenroa,84,1901-05-31,Yuankeng,6973,665
Rip Harbage,35,1927-05-20,Leipsoí,2266,666
Suki Goodisson,37,1993-09-21,Mili,4040,667
Camel Szymoni,57,1946-12-29,Libofshë,8743,668
Phil Harget,69,1991-08-13,Íquira,8117,669
Aurore McBrier,54,1933-06-27,Coroatá,6023,670
Ruperto Rable,30,1938-02-01,Hořice,8678,671
Meryl Zorzutti,83,1988-11-30,El Carmen,2653,672
Earvin Passman,22,1967-08-02,Dongshangguan,7450,673
Deck Flintiff,48,2004-05-05,Yingkeng,8664,674
Annmaria Tapton,15,1904-03-13,Mbigou,5548,675
Robinia Rosekilly,28,1974-11-23,Xuguang,9258,676
Nataline Hagstone,17,1943-08-23,Ustrzyki Dolne,7202,677
Nicholas Stapleton,51,1951-10-10,Salgueiro,8163,678
Emilie Crosoer,16,1932-06-11,Alto de São Sebastião,5936,679
Austine Ciani,62,2006-09-02,San Felipe Old,6752,680
Mabelle Munden,70,1911-09-15,Neiba,8606,681
Jeth Wyard,90,1963-02-25,Spassk,6682,682
Manolo Assad,6,1974-09-03,Cabuyaro,8930,683
Yorgo Pechold,28,1993-11-30,La Agustina,3642,684
Mirella Conerding,12,1983-03-27,Beaufort,9297,685
Georgette Causby,61,2005-11-19,Kaji,7597,686
Evaleen Dundredge,40,1957-01-25,Szczecinek,3087,687
Cesya Raimbauld,32,1902-11-08,Fraile Pintado,7049,688
Hendrik Vales,36,1963-06-21,Szczerców,2061,689
Bartolomeo Ing,69,2018-02-17,Shijak,3789,690
Cheryl Strute,27,1903-12-08,Atlanta,1402,691
Normand Prattington,49,1944-12-17,Temeke,9481,692
Orson Sarah,49,1929-05-05,Tsagaan-Owoo,3198,693
Marquita Dunning,43,1907-05-04,Moutas,2984,694
Flori Coombe,31,1966-10-06,Ayagoz,9196,695
Korey Hirtz,31,1901-07-02,‘Anjarah,4920,696
Nathanil Fisby,32,1995-10-31,Pasirtundun,4895,697
Linnie Caspell,80,1922-08-20,Llano de Piedra,6448,698
Juditha Rendell,46,1941-12-20,Pereiro,2612,699
Maryanne Ech,7,1940-03-01,Sanlifan,9877,700
Cello Heditch,96,1924-01-15,Kurmanayevka,6265,701
Raquel Tompkins,24,2017-09-27,Jiangyan,2189,702
Halley Jentet,99,1956-01-16,Juhaynah,9595,703
Alexina Rollingson,24,1961-07-22,Linjiang,2980,704
Roze Josifovic,19,1971-06-29,Floreşti,7544,705
Abdul Kinchley,67,1937-05-20,Студеничани,5838,706
Agneta Keywood,42,1965-10-20,Quebradas,2641,707
Wendeline Erickson,96,1913-10-28,Sansanné-Mango,1830,708
Whitaker Gagie,83,1921-11-06,Xindong,3357,709
Lannie Bugden,52,2019-02-13,Thành phố Bạc Liêu,1872,710
Anthony Bratt,57,1904-07-29,Kitaibaraki,8751,711
Dwayne Frossell,93,2013-07-06,Dededo Village,9519,712
Essa MacNeil,85,2005-05-09,Velyka Lepetykha,6069,713
Alexandra McCoish,49,1944-11-25,Preobrazheniye,9256,714
Amy Stammer,8,1958-04-11,Kibingo,1771,715
Jakie McGooch,90,1964-09-08,Narach,5236,716
Pierette Beckenham,66,2006-01-22,Hongqi,1958,717
Buddie Lawie,98,1952-03-02,Butahai,1040,718
Elizabet Iaduccelli,35,1961-06-25,Askersund,3025,719
Tarra Van Castele,87,1918-10-10,Mopipi,5731,720
Madonna Piburn,67,1905-04-21,Timezgana,9904,721
Ebeneser Nealy,1,1927-06-08,Shalang,3026,722
Shanda McGarrell,56,1987-12-20,Grytviken,2359,723
Almeta Millership,23,1957-09-21,Lameiras,8275,724
Patrizia Boyer,61,1947-09-17,Xingong,1742,725
Nelia Ziems,28,1964-02-16,Xinji,8315,726
Batholomew Walling,3,2007-12-28,Eha Amufu,5548,727
Louella Kimbell,88,2010-05-10,Puračić,7640,728
Carlie Quadling,58,1988-07-18,San Felipe,6807,729
Darcy Stubbe,57,2009-05-08,Vindeln,2341,730
Elyssa Fronek,49,1909-03-18,Alpiarça,2575,731
Frasier Lourens,6,1905-08-17,Ostroróg,3751,732
Corrinne Overy,9,1934-04-22,Macamic,9185,733
Mamie Crampin,2,1945-02-13,Zhdanov,3656,734
Leona Sant,88,1991-10-06,Haputale,3428,735
Lorilee Yorkston,37,1952-12-06,Lianhua,4570,736
Homer Haxbie,35,1942-02-11,Strezhevoy,5823,737
Alfred Lowery,42,1968-05-25,Santa Rita,6936,738
Georgianna Flea,41,2022-03-19,Luoping,6994,739
Minne Momford,93,1919-06-15,Shinyanga,1133,740
Silvan Trematick,27,1925-09-11,Zhangyang,6372,741
Dimitri Guillot,28,1930-09-29,Pärnu-Jaagupi,1578,742
Rollo Swadon,60,1992-02-02,Monsanto,8729,743
Johnathon Pitcaithley,49,2009-06-06,Xihu,1958,744
Elwin Spillane,47,2001-10-01,Korhogo,3475,745
Thea Conboy,60,1985-11-13,Coronel,5426,746
Lydia Bretherick,71,2011-05-31,Lëbushë,9370,747
Georgena Jannasch,23,1901-04-27,Sanxianling,4692,748
Goober Dukelow,74,2011-09-23,Barr,1230,749
Desdemona Nurcombe,36,1996-01-10,Bayt ‘Awwā,9781,750
Baird Rand,17,1953-05-25,Rengat,5183,751
Lorenzo Thornhill,68,1962-03-12,Vales,2315,752
Zackariah Haysham,57,1909-09-14,Jabon,3276,753
Rockwell Heino,59,1939-07-29,Cikoneng,8104,754
Janene Gabrieli,70,1958-10-04,Macia,4740,755
Angil Canter,80,1945-03-19,Jinfeng,9052,756
Laryssa Ducket,76,1916-01-22,Santo Domingo,7707,757
Raychel MacAughtrie,6,1973-02-06,Ylöjärvi,2461,758
Ferris Loosemore,5,1973-11-19,Linjiang,8472,759
Valera Fedder,98,1909-02-09,Cipancur,9414,760
Blithe Seyers,47,1900-05-28,Siwalan,8752,761
Mahala Laval,93,1942-02-14,Kaczory,6860,762
Clare Pawden,3,1905-04-09,Zhujiatai,8365,763
Hermy Lagne,7,2018-07-16,Nidek,3002,764
Engracia Lezemore,49,1956-09-27,Kafir Qala,7481,765
Ellette Speed,51,2018-10-30,Buket Teukuh,1024,766
Ag Wybrew,29,1976-05-14,Ibirataia,8461,767
Gunilla Trounson,80,2001-11-03,Shezë,2274,768
Ursa Garthland,84,1989-01-31,Fubei,6698,769
Stormie Gonsalo,11,1923-06-01,Thaton,6480,770
L;urette Yegorkov,69,2005-09-19,Qingxi,3263,771
Bronson Josling,99,1919-03-10,Sumuragung,7489,772
Stevy Cossentine,18,2000-06-26,Shancheng,8664,773
Charline Dunckley,40,1920-11-07,Kobryn,2256,774
Elton Barford,81,1940-02-19,Ŭiju,8880,775
Daryl Wile,56,1958-03-10,Kostakioí,9100,776
Anders Alcott,45,2016-05-06,Jiuxian,2189,777
Amalita Giggs,4,1983-11-30,Phetchaburi,7109,778
Amerigo Cavanagh,68,1980-10-29,Vila Chã de Ourique,4269,779
Desi Balsdon,7,1952-02-03,Malvas,2676,780
Laverna Lightning,96,2020-05-29,Jibiya,6715,781
Kalle Scatcher,6,1954-02-05,Ramain,2405,782
Berty Bearns,64,1926-02-19,Baliuag Nuevo,8343,783
Rebe Lobell,51,1998-11-30,Dzaoudzi,7956,784
Prince Layne,74,2020-05-19,Ntoroko,7669,785
Normie Dinzey,25,1998-04-10,Bromölla,2607,786
Hugues Resdale,99,1919-06-13,Huangmei,1465,787
Minne Wisedale,81,1931-10-14,Ostružnica,3051,788
Zola Cuddehay,46,1904-05-29,Daming,5604,789
Caroljean Ghidotti,4,2015-12-01,San Antonio Oeste,9524,790
Donica Brotherwood,27,1982-07-23,Dmitrov,1177,791
Derron Battey,87,1929-01-29,Kurów,2826,792
Dorian Abelovitz,31,2013-07-16,San Diego,5573,793
Nolly Whittam,56,2018-03-21,Orléans,6600,794
Sheeree Rickets,97,2002-08-01,Länsi-Turunmaa,1523,795
Lin Frankcombe,47,2004-02-17,Pathum Thani,9893,796
Daniele Borman,17,1954-01-28,Katsina,6888,797
Clare Hamilton,74,2017-08-18,Temayang,9558,798
Elvina Axcell,62,2014-12-06,Zasip,7435,799
Tadd Glassborow,59,1932-11-28,Helsingborg,8783,800
Shaughn Brayford,87,1999-04-12,Werota,5839,801
Idelle O'Meara,59,1987-02-04,Cishangang,6969,802
Herculie Moxon,44,2002-09-10,Várzeas,3208,803
Clarie Challes,63,1992-12-10,Sinarbakti,2166,804
Joli Petow,75,1946-07-30,Heshan,1890,805
Randy Saura,59,2017-06-03,Ishikawa,9641,806
Pansy Abramski,82,2008-04-18,Koynare,7444,807
Teresita Curman,88,1915-08-23,Karata,5288,808
Marco Siemianowicz,29,1973-03-03,Makurazaki,8882,809
Stacy Gettens,53,1953-02-26,Všetaty,3948,810
Stewart Halksworth,54,1930-09-13,Nuamuzi,8317,811
Talya Oddie,86,1905-12-29,Asamankese,1537,812
Gracia Kuzma,83,1911-05-26,Murovanoye,7130,813
Adora Bartolomeo,91,1951-08-07,Ivanovo-Alekseyevka,9701,814
Jens Wyon,82,1913-01-05,Yuecheng,8627,815
Lauraine Genders,33,1979-05-21,Tamamura,9890,816
Miguel Heisham,17,1923-12-09,Citeureup,5961,817
Chick Simioni,78,1963-02-22,Shiquanhe,9029,818
Janette Roach,17,1954-10-17,Pengchang,5952,819
Rebecka Perkis,77,1940-02-11,Huế,8754,820
Ronica Manby,17,1920-11-06,Oytal,2037,821
Fannie Ellsbury,81,1957-07-06,Jiangtun,6310,822
Karolina Casserly,17,1921-02-01,Illela,5086,823
Godard Rodolf,65,1919-09-04,Kayes,7773,824
Lars Wipper,97,1966-12-20,San Pedro,8703,825
Lusa Tassell,41,1910-08-03,Betaf,5771,826
Siward Manssuer,4,1928-12-04,Górki Wielkie,6154,827
Dominga Kinglake,74,1930-04-30,Västerhaninge,1546,828
Hilarius Hurche,76,1903-03-15,Pasarkuok,2667,829
Magnum Aymeric,89,2004-06-06,Altay sumu,2803,830
Madel Wasbey,49,1929-08-27,Cernay,4097,831
Shellysheldon Fatkin,81,2003-09-21,Vitebsk,6337,832
Cherianne O'Currane,74,1939-03-23,Byczyna,4871,833
Darell Dufton,32,1948-08-25,Cisiih,7292,834
Merry Lashley,78,1995-09-29,Emplak,6014,835
Ceciley Rothera,31,1953-05-31,Vogar,9304,836
Uriah Kayley,51,1971-02-27,Omaha,3884,837
Linoel Anslow,91,1905-01-13,Asnières-sur-Seine,6277,838
Aloisia Dennant,94,1938-01-13,Bayzhansay,9039,839
Margret Penkman,77,1904-03-29,Нераште,3512,840
Guntar Balcers,47,1977-03-20,Sidomukti,5522,841
Herbert Sankey,97,2005-03-05,Shimen,2822,842
Anselma Gwatkins,4,2003-05-07,Beidajie,7335,843
Sunshine MacMenamin,19,1955-07-23,Krajan Ngrambingan,7786,844
Cord Woolmington,2,1938-09-13,Gongli,6579,845
Marsh Kleinhausen,34,2004-12-14,Cicuco,1523,846
Cody Raynes,15,1985-10-03,Kochetok,2031,847
Petronia Lates,11,1959-03-29,Kryvichy,2076,848
Alyssa Barr,47,1931-12-30,Salon-de-Provence,8009,849
Charline Prothero,55,2005-05-07,Liangshui,3736,850
Corabelle Gehrtz,60,1927-09-21,Zhuqi,2887,851
Caspar Wooffitt,28,1949-01-16,Cipondok,2607,852
Kathye Jeanin,35,1917-09-24,Chotcza,2436,853
Michael Rickeard,56,1913-01-02,Murun-kuren,3591,854
Neysa Jesty,16,1979-09-26,Bata Tengah,8325,855
Clerkclaude Snarr,75,1937-07-08,Yanino Vtoroye,1859,856
Beilul Nannizzi,58,1906-05-02,Åtvidaberg,6904,857
Jameson Fatscher,60,1959-12-02,Duoxiang,4588,858
Byron Backshall,44,1976-11-02,Caraballeda,1998,859
Skelly Muller,8,1930-03-14,Rouyuan,1649,860
Sammie Pengelly,86,1927-01-14,Altan Emel,3884,861
Ellette Corbet,65,1974-10-30,Ourense,8570,862
Jeromy Pouck,37,1937-03-05,Mollepampa,4344,863
Anders Losemann,81,1910-05-02,Mobile,6778,864
Welbie Oleszczak,24,1961-12-22,Horad Rechytsa,6461,865
Hamil Kilkenny,7,2006-03-14,Charleville-Mézières,2864,866
Rona Pilkinton,8,1944-04-01,Idhnā,8220,867
Sanford Kernell,16,1959-07-25,Orsha,9866,868
Augustus Zaniolo,71,1935-08-19,Hezhi,8131,869
Barbra Sellek,21,2015-04-04,Chendong,8542,870
Gare Gauson,23,1914-10-19,El Jem,9842,871
Anetta Manjot,79,2007-10-14,Niulanshan,6703,872
Garnet Tremeer,9,1916-06-22,Fenyan,1352,873
Theodosia Doey,59,1921-01-16,Doloon,5977,874
Meredith Mc Faul,7,2006-03-15,Kalmunai,2089,875
Debby Schimoni,11,1920-07-18,Jilib,2784,876
Pavia Evemy,80,2019-09-11,Tasböget,1791,877
Nickie Costello,35,1987-11-06,Yinyang,9545,878
Friederike Beadon,95,1989-12-26,Pont-Rouge,7757,879
Caroline Scroyton,39,1960-01-14,Vinha,8242,880
Bliss Megany,41,1910-12-16,Tebanah,6444,881
Dag Braisby,94,1934-04-18,Mora,4457,882
Melisent Vicar,30,2012-03-26,La Foa,6989,883
Dorene Greatland,62,1913-04-22,Babah Rot,8762,884
Fanni Hurburt,76,1989-05-31,Gempolan Wetan,4327,885
Ninon Gregoletti,88,1955-09-22,Prado,9403,886
Ardys Kemet,99,2013-06-22,Qiryat Motzkin,4915,887
Wallas Huetson,17,2012-08-06,Usman’,5639,888
Rikki Capaldo,16,1943-06-17,Guiyang,1253,889
Chrissy Marskell,14,1931-08-23,Shantou,6092,890
Gav Surgenor,30,1959-05-24,Myrzakent,2123,891
Dorella Rivard,98,1916-12-13,Rawaapu,1767,892
Renard Towl,94,1940-01-24,Tokoname,6464,893
Lynea MacRury,15,2001-11-27,Pucallpa,1553,894
Darcie Brecher,58,1937-09-28,Madona,1428,895
Wandis Crippes,27,2007-12-06,Sadahayu,1051,896
Con O' Concannon,74,1915-01-30,Shuiyang,1091,897
Ives Asbery,32,2016-01-29,Americana,2636,898
Vlad Castellaccio,91,1991-11-09,Kotawaikabubak,9621,899
Mellisa Jordine,76,1991-08-02,Araçuaí,1167,900
Raquel Weston,34,1992-11-05,Dalang,8188,901
Darby Philippard,74,1998-07-14,Antonina,8546,902
Obadias Agglione,8,1938-05-25,Shaykh al Ḩadīd,8895,903
Hoyt Gusticke,7,1976-03-17,Soloma,5468,904
Durward Averall,45,1901-12-06,Listowel,7197,905
Evan Perulli,2,2016-04-18,Jiabeiyan,3614,906
Alma Beckenham,91,2014-05-28,Lidingö,8730,907
Lezley Struis,51,1914-05-21,Basa,5202,908
Giles Frew,88,1911-11-02,Paços,8733,909
Renaldo Lodemann,96,2021-12-29,Wanglu Kulon,6684,910
Inglebert Bagguley,47,2017-10-18,Gómez,4333,911
Connie Mitchiner,77,1958-04-07,Hantang,9382,912
Oona MacGrath,93,2012-10-06,Sañgay,7960,913
Erena Pollitt,88,1951-10-21,Orléans,7018,914
Ripley Seeger,12,1911-09-29,Lindavista,5660,915
Jinny Mulliss,28,1916-10-09,Quthing,9103,916
Dode Ahlin,67,1942-04-19,Sanchahe,4621,917
Zulema Brymham,59,1954-03-09,Tagoloan,4041,918
Jeremy Ingre,15,1959-11-09,Khawrah,1373,919
Billi Caslett,52,1900-09-21,Kilkís,2789,920
Emelda Harrill,77,2011-07-29,Buka,6265,921
Lorry Bullivant,76,1927-02-28,Pailles,6846,922
Ely Metzke,79,1942-11-06,Yisuhe,3129,923
Linn Domengue,39,1954-06-01,Oslo,9597,924
Emyle Bryning,31,2017-11-28,Bassila,3138,925
Brianne Gubbin,38,1931-04-24,Hakodate,5452,926
Saunders Browning,35,1972-01-01,São Roque,7263,927
Brewer Gallifont,31,1970-09-14,Kanbe,3881,928
Collie Crowch,15,1974-10-05,Tazouta,7033,929
Calhoun Zecchini,99,1979-03-19,La Sarrosa,5404,930
Jayme Pilmoor,64,2004-06-11,Ubaté,9596,931
Bree Kennaway,20,1984-09-13,Zhvanets,1554,932
Roseanne Pally,37,1983-10-11,Petkovci,7648,933
Ilse Frampton,67,1918-06-20,Nai Harn,9846,934
Harri Nutbeam,32,1987-01-22,Неготино,6926,935
Sancho Russe,38,1955-06-08,Camalote,1443,936
Alleen Espinoy,42,1915-08-10,Obock,7948,937
Ryley Villaret,52,1983-11-08,Kurchatov,1295,938
Veda Rao,9,2009-07-16,Valbo,4785,939
Wyatt Matijevic,38,1979-12-11,Karangasem Laok,2385,940
Delia Trumper,70,2015-06-27,Trudobelikovskiy,5718,941
Mathian Jezzard,45,1920-04-27,Blagoveshchensk,3517,942
Tedra Paice,23,1965-03-05,Bystra,5025,943
Poul Accum,64,1962-08-01,Chipaque,4532,944
Ilka Geal,17,1945-06-20,Lleida,9797,945
Margret Pervew,87,1926-07-07,Rēzekne,6290,946
Roby Crowden,93,1923-01-07,Hexi,8477,947
Sharla Fessby,35,2012-12-08,Sabnie,7323,948
Jameson Dorr,64,1954-08-08,Guernica,2943,949
Tedi Mersey,24,1997-05-17,Niaohe,5711,950
Rey McBrearty,1,1957-08-22,San Juan de Planes,4418,951
Dan Brashaw,9,1900-12-18,Changbu,4931,952
Malachi Benyan,21,2000-11-20,Ménaka,4616,953
Rosamund Trippack,81,1915-12-12,Malahide,1815,954
Ardisj McCartney,29,2006-08-20,Dipayal,5513,955
Bordy Kuzma,50,1985-12-29,Göteborg,1929,956
Dalia Yarranton,94,1979-06-30,Picton,5196,957
Maurizia Jull,94,1936-10-29,Huangdimiao,7838,958
Engelbert Stienham,58,1964-10-02,Zhanping,4966,959
Bron Radleigh,6,1949-12-18,Rudniki,3382,960
Paddy Howels,9,2011-12-07,Kirovgrad,5227,961
Cordi Labarre,64,1927-01-10,Myrzakent,6112,962
Elbert Mills,55,1962-07-07,Krivodanovka,8040,963
Rosabelle Bird,51,1958-10-26,Al Mushannaf,2273,964
Marion Ruggen,45,1957-03-10,Wangcun,4979,965
Arie Hurnell,9,1953-02-04,Cisadap,1386,966
Delmore Pikesley,1,1976-12-30,Larvik,5827,967
Freddy Beran,45,1927-11-04,Na'ale,8517,968
Townie Hearnshaw,80,2013-03-24,Gulariyā,8562,969
Yolane Kefford,82,1920-01-26,Sucre,8676,970
Wilden Tsarovic,83,1982-02-04,Albardón,7353,971
Esmeralda Labitt,15,2013-07-02,Tapada das Mercês,6371,972
Darb Petz,33,1989-10-09,Jeziorany,5608,973
Andriette Biswell,91,1995-02-21,Jastrowie,2533,974
Paco Vidloc,70,2019-10-22,Laju Kidul,4731,975
Mauricio Giorgiutti,10,1985-08-11,Sainte-Adèle,5075,976
Suzanne Ornelas,23,1943-11-22,Sovetskoye,5842,977
Roderick Mackiewicz,44,1914-12-07,Fundación,7221,978
Rita Dorman,20,1959-04-03,Orvault,2024,979
Rorie Hullbrook,18,2013-10-17,Juan N Alvarez,4829,980
Parrnell Redgrove,50,1991-03-07,Kotovsk,8648,981
Coralie McCaghan,55,1947-07-04,Francisco Villa,8907,982
Lia Ogle,11,1974-06-10,Los Aquijes,2280,983
Benji Domaschke,61,1973-06-02,Panay,6959,984
Haskell Coppock.,18,1933-04-20,Makiwalo,9357,985
Arden Ashlin,59,1988-07-06,Itabaiana,4299,986
Antoinette Corish,45,1927-11-14,Bolinao,7574,987
Gerhardine Stickells,52,1966-02-10,Dongli,5799,988
Worthy McEntagart,44,1952-07-30,Svetlograd,3268,989
Datha Durham,54,1984-05-29,Sumber,4725,990
Kiley Nealon,78,1947-04-23,Svetlanovskiy,4104,991
Rolph Jakubowicz,61,1906-07-14,Novokuybyshevsk,2241,992
Ode Rist,96,1910-03-28,Byumba,6467,993
Concettina Dawnay,76,1934-10-26,Omsukchan,6550,994
Leona Liverock,32,1971-11-13,Braunschweig,3009,995
Reagen Stainton,12,2020-11-19,Frederiksberg,3839,996
Othilia Tremelling,5,1902-04-21,Morelos,8877,997
Pavia Kibbe,80,1989-03-09,Silvares,3066,998
Drucy Welling,78,1922-08-09,Vratsa,7205,999
Valle Lammas,10,1932-06-14,Liuche,3059,1000
